Date,Region,Avg Temperature,Avg Humidity,Avg Precipitation,Total_Case,Total_Death,Region_Encode
2014-01-31,Barishal,21.3225806451613,51.8387096774194,0.0,0.0,0.0,7
2014-02-28,Barishal,23.8571428571429,50.8214285714286,0.0428571428571428,0.0,0.0,7
2014-03-31,Barishal,28.4516129032258,50.0,0.0548387096774193,0.0,0.0,7
2014-04-30,Barishal,33.0666666666667,57.9333333333333,0.01,0.0,0.0,7
2014-05-31,Barishal,32.741935483871,67.0,0.448387096774194,0.0,0.0,7
2014-06-30,Barishal,32.1,72.5333333333333,1.50333333333333,0.0,0.0,7
2014-07-31,Barishal,30.5161290322581,78.3225806451613,1.64516129032258,0.0,0.0,7
2014-08-31,Barishal,29.4838709677419,81.741935483871,1.7258064516129,0.0,0.0,7
2014-09-30,Barishal,29.4666666666667,79.9,0.816666666666667,0.0,0.0,7
2014-10-31,Barishal,27.7741935483871,76.9032258064516,0.338709677419355,0.0,0.0,7
2014-11-30,Barishal,24.7333333333333,65.7333333333333,0.0166666666666666,0.0,0.0,7
2014-12-31,Barishal,21.8387096774194,57.7096774193548,0.0096774193548387,0.0,0.0,7
2015-01-31,Barishal,21.9032258064516,55.1290322580645,0.329032258064516,0.0,0.0,7
2015-02-28,Barishal,24.6785714285714,53.5357142857143,0.0785714285714285,0.0,0.0,7
2015-03-31,Barishal,28.8387096774194,48.6129032258065,0.158064516129032,0.0,0.0,7
2015-04-30,Barishal,30.5333333333333,66.5666666666667,1.46,0.0,0.0,7
2015-05-31,Barishal,32.2258064516129,69.3548387096774,0.654838709677419,0.0,0.0,7
2015-06-30,Barishal,31.5,71.0666666666667,0.986666666666667,0.0,0.0,7
2015-07-31,Barishal,29.8064516129032,78.3225806451613,2.18709677419355,0.0,0.0,7
2015-08-31,Barishal,30.3870967741935,77.4838709677419,1.24193548387097,0.0,0.0,7
2015-09-30,Barishal,29.8666666666667,76.8666666666667,2.7,0.0,0.0,7
2015-10-31,Barishal,28.1612903225806,74.258064516129,1.17096774193548,0.0,0.0,7
2015-11-30,Barishal,25.6,66.5666666666667,0.1,0.0,0.0,7
2015-12-31,Barishal,22.9354838709677,59.9677419354839,0.312903225806452,0.0,0.0,7
2016-01-31,Barishal,21.9354838709677,52.8709677419355,0.0193548387096774,0.0,0.0,7
2016-02-29,Barishal,26.3793103448276,56.6896551724138,0.251724137931034,,,7
2016-03-31,Barishal,29.9677419354839,56.4193548387097,0.306451612903226,0.0,0.0,7
2016-04-30,Barishal,31.7666666666667,69.5,0.433333333333333,0.0,0.0,7
2016-05-31,Barishal,32.1290322580645,70.258064516129,0.974193548387097,0.0,0.0,7
2016-06-30,Barishal,31.1,75.1666666666667,2.54333333333333,0.0,0.0,7
2016-07-31,Barishal,30.4193548387097,77.8387096774194,1.9,0.0,0.0,7
2016-08-31,Barishal,30.1612903225806,77.6129032258064,1.86774193548387,0.0,0.0,7
2016-09-30,Barishal,30.0,78.7,2.06666666666667,0.0,0.0,7
2016-10-31,Barishal,28.6774193548387,75.8709677419355,0.658064516129033,0.0,0.0,7
2016-11-30,Barishal,24.7,70.6666666666667,0.646666666666667,0.0,0.0,7
2016-12-31,Barishal,23.2258064516129,59.3870967741936,0.0,0.0,0.0,7
2017-01-31,Barishal,22.0,47.0322580645161,0.0,0.0,0.0,7
2017-02-28,Barishal,25.0714285714286,49.7857142857143,0.0464285714285714,0.0,0.0,7
2017-03-31,Barishal,27.2258064516129,63.258064516129,0.274193548387097,0.0,0.0,7
2017-04-30,Barishal,30.3666666666667,71.5,0.263333333333333,0.0,0.0,7
2017-05-31,Barishal,32.7741935483871,68.0967741935484,0.548387096774194,0.0,0.0,7
2017-06-30,Barishal,31.1,76.2666666666667,1.98666666666667,0.0,0.0,7
2017-07-31,Barishal,30.5161290322581,76.8064516129032,2.16774193548387,0.0,0.0,7
2017-08-31,Barishal,30.7096774193548,75.2903225806452,2.63870967741935,0.0,0.0,7
2017-09-30,Barishal,30.7666666666667,75.0333333333333,1.62,0.0,0.0,7
2017-10-31,Barishal,28.258064516129,75.8709677419355,0.82258064516129,0.0,0.0,7
2017-11-30,Barishal,26.0666666666667,61.9333333333333,0.06,0.0,0.0,7
2017-12-31,Barishal,23.4838709677419,60.6774193548387,0.135483870967742,0.0,0.0,7
2018-01-31,Barishal,21.4516129032258,46.5161290322581,0.0,0.0,0.0,7
2018-02-28,Barishal,25.9642857142857,49.9285714285714,0.0,0.0,0.0,7
2018-03-31,Barishal,29.3548387096774,56.741935483871,0.0838709677419354,0.0,0.0,7
2018-04-30,Barishal,30.9,65.1666666666667,0.386666666666667,0.0,0.0,7
2018-05-31,Barishal,31.1935483870968,70.9677419354839,1.39677419354839,0.0,0.0,7
2018-06-30,Barishal,31.3333333333333,74.1,2.16666666666667,0.0,0.0,7
2018-07-31,Barishal,30.2903225806452,78.5161290322581,2.38387096774194,0.0,0.0,7
2018-08-31,Barishal,30.6451612903226,76.4838709677419,1.31290322580645,0.0,0.0,7
2018-09-30,Barishal,30.6,74.3,1.3,0.0,0.0,7
2018-10-31,Barishal,28.0322580645161,70.0322580645161,1.30645161290323,0.0,0.0,7
2018-11-30,Barishal,25.8333333333333,62.6333333333333,0.0533333333333333,0.0,0.0,7
2018-12-31,Barishal,22.5161290322581,53.6774193548387,0.0032258064516129,0.0,0.0,7
2019-01-31,Barishal,25.7741935483871,42.4838709677419,0.0,0.0,0.0,7
2019-02-28,Barishal,26.9285714285714,50.3928571428571,2.58571428571429,0.0,0.0,7
2019-03-31,Barishal,30.1612903225806,54.1612903225806,1.75483870967742,0.0,0.0,7
2019-04-30,Barishal,33.2,59.7,1.7,0.0,0.0,7
2019-05-31,Barishal,34.0967741935484,66.7741935483871,2.76451612903226,0.0,0.0,7
2019-06-30,Barishal,32.5,70.7333333333333,8.27333333333333,3.0,0.0,7
2019-07-31,Barishal,30.6129032258064,77.8387096774194,10.9129032258065,175.0,0.0,7
2019-08-31,Barishal,30.3870967741935,78.258064516129,6.16129032258065,3871.0,5.0,7
2019-09-30,Barishal,29.4333333333333,80.2333333333333,7.20333333333333,1655.0,0.0,7
2019-10-31,Barishal,28.6129032258064,76.2258064516129,3.12258064516129,971.0,4.0,7
2019-11-30,Barishal,27.5333333333333,70.4666666666667,3.49333333333333,353.0,1.0,7
2019-12-31,Barishal,23.9677419354839,51.8387096774194,0.0,58.0,0.0,7
2020-01-31,Barishal,23.3548387096774,52.5483870967742,0.254838709677419,3.0,0.0,7
2020-02-29,Barishal,25.7931034482759,44.6896551724138,0.148275862068966,,,7
2020-03-31,Barishal,30.2258064516129,50.1612903225807,0.848387096774193,0.0,0.0,7
2020-04-30,Barishal,31.5333333333333,65.0,9.80666666666667,0.0,0.0,7
2020-05-31,Barishal,32.3548387096774,65.6774193548387,3.21612903225806,0.0,0.0,7
2020-06-30,Barishal,31.1666666666667,75.4,7.0,0.0,0.0,7
2020-07-31,Barishal,29.6774193548387,81.4838709677419,13.4806451612903,0.0,0.0,7
2020-08-31,Barishal,30.0,80.7096774193548,9.41935483870968,0.0,0.0,7
2020-09-30,Barishal,30.0,80.5333333333333,7.50333333333333,0.0,0.0,7
2020-10-31,Barishal,29.4193548387097,80.7741935483871,13.6161290322581,0.0,0.0,7
2020-11-30,Barishal,26.6666666666667,62.3666666666667,2.02333333333333,0.0,0.0,7
2020-12-31,Barishal,25.3225806451613,49.1290322580645,0.0,0.0,0.0,7
2021-01-31,Barishal,19.1,77.7,0.0,0.0,0.0,7
2021-02-28,Barishal,24.1,65.8,0.0,0.0,0.0,7
2021-03-31,Barishal,27.1,75.0,0.0,0.0,0.0,7
2021-04-30,Barishal,31.6238,65.0524,0.8657,0.0,0.0,7
2021-05-31,Barishal,32.5023,68.3041,1.3359,0.0,0.0,7
2021-06-30,Barishal,31.5429,73.6095,2.8933,0.0,0.0,7
2021-07-31,Barishal,30.2627,78.447,4.0134,0.0,0.0,7
2021-08-31,Barishal,30.2535,78.2258,3.0078,66.0,0.0,7
2021-09-30,Barishal,30.019,77.9381,3.2443,210.0,0.0,7
2021-10-31,Barishal,26.5,85.0,14.45,187.0,1.0,7
2021-11-30,Barishal,17.6,98.0,0.0,146.0,0.0,7
2021-12-31,Barishal,18.9,82.2,1.27,48.0,0.0,7
2022-01-31,Barishal,18.5,76.0,0.0876,7.0,0.0,7
2022-02-28,Barishal,25.5246,50.8348,0.4505,5.0,0.0,7
2022-03-31,Barishal,29.1751,54.1935,0.6267,0.0,0.0,7
2022-04-30,Barishal,31.6238,65.0524,0.8657,0.0,0.0,7
2022-05-31,Barishal,32.5023,68.3041,1.3359,0.0,0.0,7
2022-06-30,Barishal,31.5429,73.6095,2.8933,0.0,0.0,7
2022-07-31,Barishal,30.2627,78.447,4.0134,18.0,0.0,7
2022-08-31,Barishal,30.2535,78.2258,3.0078,44.0,0.0,7
2022-09-30,Barishal,30.019,77.9381,3.2443,329.0,4.0,7
2022-10-31,Barishal,26.5,85.0,14.45,1310.0,1.0,7
2022-11-30,Barishal,23.3,77.9,3.89,1213.0,7.0,7
2022-12-31,Barishal,18.9,82.2,1.27,241.0,0.0,7
2014-01-31,Chittagong,21.0322580645161,68.2903225806452,0.0,0.0,0.0,6
2014-02-28,Chittagong,22.8928571428571,64.7142857142857,0.310714285714286,0.0,0.0,6
2014-03-31,Chittagong,26.3548387096774,64.258064516129,0.116129032258064,0.0,0.0,6
2014-04-30,Chittagong,30.2666666666667,71.3666666666667,0.05,0.0,0.0,6
2014-05-31,Chittagong,30.1612903225806,78.0967741935484,3.28709677419355,0.0,0.0,6
2014-06-30,Chittagong,30.0,80.6666666666667,9.54,0.0,0.0,6
2014-07-31,Chittagong,28.9677419354839,83.9032258064516,7.70645161290323,0.0,0.0,6
2014-08-31,Chittagong,27.7741935483871,87.258064516129,11.9741935483871,0.0,0.0,6
2014-09-30,Chittagong,27.9,86.0666666666667,4.34,0.0,0.0,6
2014-10-31,Chittagong,27.3548387096774,80.8064516129032,1.85806451612903,0.0,0.0,6
2014-11-30,Chittagong,24.8666666666667,76.2666666666667,0.14,0.0,0.0,6
2014-12-31,Chittagong,21.9677419354839,72.6129032258064,0.0225806451612903,,,6
2015-01-31,Chittagong,21.5161290322581,67.6774193548387,0.419354838709677,0.0,0.0,6
2015-02-28,Chittagong,23.4285714285714,59.6428571428571,0.0,0.0,0.0,6
2015-03-31,Chittagong,27.4193548387097,59.8387096774194,0.193548387096774,0.0,0.0,6
2015-04-30,Chittagong,29.3333333333333,72.0,1.04333333333333,0.0,0.0,6
2015-05-31,Chittagong,30.6774193548387,76.4516129032258,1.1258064516129,0.0,0.0,6
2015-06-30,Chittagong,30.2333333333333,76.1333333333333,9.64666666666667,0.0,0.0,6
2015-07-31,Chittagong,28.2258064516129,84.9032258064516,16.8129032258064,0.0,0.0,6
2015-08-31,Chittagong,28.4838709677419,83.6774193548387,8.09032258064516,0.0,0.0,6
2015-09-30,Chittagong,28.7333333333333,82.2,6.45,0.0,0.0,6
2015-10-31,Chittagong,27.4838709677419,80.2258064516129,2.59032258064516,0.0,0.0,6
2015-11-30,Chittagong,25.0666666666667,73.2666666666667,0.506666666666667,0.0,0.0,6
2015-12-31,Chittagong,21.9354838709677,69.0,0.116129032258064,0.0,0.0,6
2015-12-31,Chittagong,21.9354838709677,69.0,0.116129032258064,0.0,0.0,6
2016-01-31,Chittagong,20.6774193548387,63.1935483870968,0.0225806451612903,0.0,0.0,6
2016-02-29,Chittagong,24.7241379310345,66.2758620689655,0.193103448275862,,,6
2016-03-31,Chittagong,28.6774193548387,64.7096774193548,0.403225806451613,0.0,0.0,6
2016-04-30,Chittagong,29.8,77.2,0.87,0.0,0.0,6
2016-05-31,Chittagong,30.5161290322581,77.5161290322581,2.22903225806452,4.0,0.0,6
2016-06-30,Chittagong,29.5333333333333,80.5,5.34666666666667,7.0,0.0,6
2016-07-31,Chittagong,28.4516129032258,85.6129032258064,10.7225806451613,17.0,0.0,6
2016-08-31,Chittagong,28.7741935483871,83.3548387096774,7.50967741935484,9.0,0.0,6
2016-09-30,Chittagong,29.1,80.3,3.70333333333333,0.0,0.0,6
2016-10-31,Chittagong,28.1935483870968,81.258064516129,3.46129032258065,0.0,0.0,6
2016-11-30,Chittagong,24.9,77.4666666666667,2.27666666666667,0.0,0.0,6
2016-12-31,Chittagong,23.1612903225806,73.0645161290323,0.0,0.0,0.0,6
2017-01-31,Chittagong,21.8064516129032,60.0,0.0,10.0,0.0,6
2017-02-28,Chittagong,24.1071428571429,60.7142857142857,0.0178571428571428,1.0,0.0,6
2017-03-31,Chittagong,26.258064516129,69.6129032258065,0.803225806451613,15.0,0.0,6
2017-04-30,Chittagong,28.9333333333333,77.7333333333333,1.62666666666667,10.0,0.0,6
2017-05-31,Chittagong,30.8064516129032,76.6451612903226,3.10322580645161,18.0,1.0,6
2017-06-30,Chittagong,29.4,81.9333333333333,9.01666666666666,15.0,0.0,6
2017-07-31,Chittagong,28.8387096774194,83.9032258064516,11.9258064516129,0.0,0.0,6
2017-08-31,Chittagong,28.8709677419355,83.6451612903226,10.2774193548387,12.0,0.0,6
2017-09-30,Chittagong,28.8333333333333,83.2333333333333,7.93333333333333,15.0,0.0,6
2017-10-31,Chittagong,27.6774193548387,80.9677419354839,4.21290322580645,5.0,0.0,6
2017-11-30,Chittagong,25.5333333333333,75.8,0.106666666666667,14.0,0.0,6
2017-12-31,Chittagong,22.7741935483871,74.1935483870968,0.361290322580645,0.0,0.0,6
2018-01-31,Chittagong,20.2258064516129,63.3870967741936,0.103225806451613,1.0,0.0,6
2018-02-28,Chittagong,24.0357142857143,62.0357142857143,0.0,1.0,0.0,6
2018-03-31,Chittagong,27.2903225806452,67.3548387096774,0.225806451612903,0.0,0.0,6
2018-04-30,Chittagong,29.4333333333333,73.3,0.566666666666667,0.0,0.0,6
2018-05-31,Chittagong,29.9677419354839,76.0,2.66129032258064,0.0,0.0,6
2018-06-30,Chittagong,29.4333333333333,82.3666666666667,12.4266666666667,0.0,0.0,6
2018-07-31,Chittagong,28.9677419354839,84.6129032258065,7.91612903225806,0.0,0.0,6
2018-08-31,Chittagong,28.9032258064516,84.5161290322581,6.47096774193548,1.0,0.0,6
2018-09-30,Chittagong,28.8666666666667,83.0666666666667,3.07666666666667,0.0,1.0,6
2018-10-31,Chittagong,26.6451612903226,80.0,5.5258064516129,0.0,0.0,6
2018-11-30,Chittagong,24.2,72.5,0.09,0.0,0.0,6
2018-12-31,Chittagong,21.8387096774194,66.9677419354839,0.032258064516129,0.0,0.0,6
2019-01-31,Chittagong,22.9354838709677,56.741935483871,0.0,0.0,0.0,6
2019-02-28,Chittagong,24.5714285714286,60.5,0.910714285714286,0.0,0.0,6
2019-03-31,Chittagong,27.1612903225806,66.3225806451613,0.616129032258064,0.0,0.0,6
2019-04-30,Chittagong,29.8333333333333,74.3666666666667,2.01,0.0,0.0,6
2019-05-31,Chittagong,30.5483870967742,79.9677419354839,2.08064516129032,0.0,0.0,6
2019-06-30,Chittagong,29.9666666666667,80.1333333333333,14.5333333333333,15.0,0.0,6
2019-07-31,Chittagong,28.258064516129,85.6129032258064,38.7451612903226,624.0,0.0,6
2019-08-31,Chittagong,28.3548387096774,84.8064516129032,10.0870967741935,4689.0,3.0,6
2019-09-30,Chittagong,27.9666666666667,84.0,16.16,1412.0,2.0,6
2019-10-31,Chittagong,27.9354838709677,79.1935483870968,4.34838709677419,806.0,0.0,6
2019-11-30,Chittagong,26.0,76.0666666666667,3.09333333333333,632.0,2.0,6
2019-12-31,Chittagong,22.3870967741935,63.2903225806452,0.0,181.0,0.0,6
2020-01-31,Chittagong,21.0645161290323,64.9032258064516,1.41290322580645,7.0,0.0,6
2020-02-29,Chittagong,22.1724137931034,56.0689655172414,0.0,,,6
2020-03-31,Chittagong,26.5161290322581,62.4193548387097,0.0354838709677419,0.0,0.0,6
2020-04-30,Chittagong,28.2333333333333,76.3666666666667,2.91,0.0,0.0,6
2020-05-31,Chittagong,29.6129032258064,76.3225806451613,5.28709677419355,1.0,0.0,6
2020-06-30,Chittagong,29.1333333333333,82.0666666666667,15.5533333333333,0.0,0.0,6
2020-07-31,Chittagong,28.0645161290323,85.5483870967742,23.2967741935484,0.0,0.0,6
2020-08-31,Chittagong,28.2258064516129,85.741935483871,25.6935483870968,0.0,0.0,6
2020-09-30,Chittagong,28.5,83.8666666666667,11.2533333333333,0.0,0.0,6
2020-10-31,Chittagong,28.5161290322581,81.741935483871,12.9096774193548,0.0,0.0,6
2020-11-30,Chittagong,25.7333333333333,72.6,2.03,0.0,0.0,6
2020-12-31,Chittagong,22.8387096774194,63.1935483870968,0.0,0.0,0.0,6
2021-01-31,Chittagong,22.6,62.7,0.1065,0.0,0.0,6
2021-02-28,Chittagong,24.9,66.2,0.5937,0.0,0.0,6
2021-03-31,Chittagong,29.0,59.2,0.3742,0.0,0.0,6
2021-04-30,Chittagong,31.0,63.8,2.3824,0.0,0.0,6
2021-05-31,Chittagong,31.1,67.4,4.3369,0.0,0.0,6
2021-06-30,Chittagong,28.9,82.1,6.2581,1.0,0.0,6
2021-07-31,Chittagong,29.3,81.7,10.8184,1.0,1.0,6
2021-08-31,Chittagong,29.3,83.2,6.6585,102.0,1.0,6
2021-09-30,Chittagong,30.2,76.0,8.7443,244.0,0.0,6
2021-10-31,Chittagong,30.2,74.2,2.4959,199.0,0.0,6
2021-11-30,Chittagong,27.6,60.6,0.0338,259.0,0.0,6
2021-12-31,Chittagong,23.8,63.6,0.0946,484.0,0.0,6
2022-01-31,Chittagong,22.3,62.6,0.1065,56.0,0.0,6
2022-02-28,Chittagong,23.7,52.0,0.5937,3.0,0.0,6
2022-03-31,Chittagong,28.7,61.2,0.3742,4.0,0.0,6
2022-04-30,Chittagong,30.4,72.8,2.3824,3.0,0.0,6
2022-05-31,Chittagong,29.9,77.0,4.3369,1.0,0.0,6
2022-06-30,Chittagong,29.2,83.5,6.2581,16.0,0.0,6
2022-07-31,Chittagong,30.1,77.2,1.02,223.0,6.0,6
2022-08-31,Chittagong,30.4,75.7,6.6585,530.0,5.0,6
2022-09-30,Chittagong,29.6,79.6,8.7443,1182.0,13.0,6
2022-10-31,Chittagong,29.2,74.8,2.4959,2679.0,14.0,6
2022-11-30,Chittagong,26.7,67.2,0.0338,3253.0,22.0,6
2022-12-31,Chittagong,22.9,69.0,0.0946,1159.0,9.0,6
2014-01-31,Dhaka,20.5483870967742,55.6451612903226,0.0032258064516129,15.0,0.0,1
2014-02-28,Dhaka,22.7142857142857,48.6071428571429,0.0928571428571428,7.0,0.0,1
2014-03-31,Dhaka,27.7741935483871,44.0,0.125806451612903,2.0,0.0,1
2014-04-30,Dhaka,33.1666666666667,47.9,0.82,6.0,0.0,1
2014-05-31,Dhaka,33.1290322580645,63.6774193548387,1.36774193548387,2.0,0.0,1
2014-06-30,Dhaka,31.9666666666667,74.5,2.05666666666667,10.0,0.0,1
2014-07-31,Dhaka,30.5161290322581,79.5806451612903,1.11935483870968,82.0,0.0,1
2014-08-31,Dhaka,29.4838709677419,83.0645161290323,1.77096774193548,78.0,3.0,1
2014-09-30,Dhaka,29.3,81.6,1.78333333333333,72.0,1.0,1
2014-10-31,Dhaka,27.3548387096774,76.5806451612903,0.432258064516129,66.0,0.0,1
2014-11-30,Dhaka,24.8,66.5666666666667,0.04,24.0,2.0,1
2014-12-31,Dhaka,21.5161290322581,59.6129032258065,0.0032258064516129,,,1
2015-01-31,Dhaka,21.3870967741935,54.5483870967742,0.032258064516129,0.0,0.0,1
2015-02-28,Dhaka,24.3214285714286,47.7142857142857,0.0928571428571428,0.0,0.0,1
2015-03-31,Dhaka,28.3225806451613,42.6451612903226,0.916129032258064,0.0,0.0,1
2015-04-30,Dhaka,30.7333333333333,63.1333333333333,3.7,4.0,0.0,1
2015-05-31,Dhaka,32.2258064516129,68.1612903225806,3.2741935483871,11.0,0.0,1
2015-06-30,Dhaka,31.1666666666667,73.9333333333333,4.03666666666667,28.0,0.0,1
2015-07-31,Dhaka,29.5483870967742,81.4516129032258,3.14516129032258,128.0,0.0,1
2015-08-31,Dhaka,30.1612903225806,79.3870967741936,2.90322580645161,759.0,3.0,1
2015-09-30,Dhaka,30.1666666666667,75.9,2.14333333333333,1017.0,1.0,1
2015-10-31,Dhaka,28.5161290322581,71.4193548387097,0.635483870967742,822.0,0.0,1
2015-11-30,Dhaka,25.5,63.9333333333333,0.0666666666666666,317.0,2.0,1
2015-12-31,Dhaka,22.3225806451613,58.8709677419355,0.161290322580645,75.0,0.0,1
2015-12-31,Dhaka,22.3225806451613,58.8709677419355,0.161290322580645,11.0,0.0,1
2016-01-31,Dhaka,21.0322580645161,52.0,0.0064516129032258,13.0,0.0,1
2016-02-29,Dhaka,25.6551724137931,47.3103448275862,0.148275862068966,,,1
2016-03-31,Dhaka,29.9677419354839,47.8709677419355,1.0258064516129,17.0,0.0,1
2016-04-30,Dhaka,32.5666666666667,63.2666666666667,2.19333333333333,38.0,0.0,1
2016-05-31,Dhaka,32.0645161290323,67.3548387096774,3.66774193548387,66.0,0.0,1
2016-06-30,Dhaka,31.2333333333333,74.2666666666667,1.84666666666667,247.0,3.0,1
2016-07-31,Dhaka,30.6129032258064,78.1935483870968,1.61935483870968,909.0,2.0,1
2016-08-31,Dhaka,30.7096774193548,75.6129032258064,0.82258064516129,1501.0,1.0,1
2016-09-30,Dhaka,30.1333333333333,77.5,1.8,1485.0,3.0,1
2016-10-31,Dhaka,28.8709677419355,74.3225806451613,0.983870967741935,1077.0,1.0,1
2016-11-30,Dhaka,25.2,68.7333333333333,0.33,522.0,2.0,1
2016-12-31,Dhaka,23.0967741935484,59.9354838709678,0.0,145.0,2.0,1
2017-01-31,Dhaka,21.5483870967742,46.2903225806452,0.0,82.0,0.0,1
2017-02-28,Dhaka,24.4642857142857,44.3571428571429,0.189285714285714,57.0,0.0,1
2017-03-31,Dhaka,26.8064516129032,57.1935483870968,1.05483870967742,21.0,0.0,1
2017-04-30,Dhaka,30.4333333333333,68.1666666666667,2.48333333333333,63.0,0.0,1
2017-05-31,Dhaka,32.3225806451613,66.8387096774194,2.41290322580645,116.0,0.0,1
2017-06-30,Dhaka,30.9,77.8666666666667,4.05,252.0,0.0,1
2017-07-31,Dhaka,30.3548387096774,78.8064516129032,2.87096774193548,286.0,2.0,1
2017-08-31,Dhaka,30.9677419354839,74.2903225806452,2.64193548387097,334.0,0.0,1
2017-09-30,Dhaka,30.8333333333333,73.0666666666667,2.98333333333333,415.0,1.0,1
2017-10-31,Dhaka,28.5161290322581,72.6451612903226,2.33548387096774,509.0,1.0,1
2017-11-30,Dhaka,26.1666666666667,58.5666666666667,0.173333333333333,394.0,1.0,1
2017-12-31,Dhaka,23.3870967741935,59.4193548387097,0.567741935483871,125.0,2.0,1
2018-01-31,Dhaka,20.5161290322581,47.4193548387097,0.0,25.0,0.0,1
2018-02-28,Dhaka,25.2142857142857,44.0,0.0428571428571428,6.0,0.0,1
2018-03-31,Dhaka,29.4516129032258,46.4193548387097,0.470967741935484,19.0,0.0,1
2018-04-30,Dhaka,31.1666666666667,57.0,3.26666666666667,29.0,0.0,1
2018-05-31,Dhaka,30.8387096774194,70.0967741935484,4.75161290322581,52.0,0.0,1
2018-06-30,Dhaka,31.6,73.6,2.95666666666667,295.0,3.0,1
2018-07-31,Dhaka,30.9677419354839,76.1935483870968,1.50322580645161,946.0,4.0,1
2018-08-31,Dhaka,31.0645161290323,75.7096774193548,2.16451612903226,1795.0,6.0,1
2018-09-30,Dhaka,30.9,70.6666666666667,2.13666666666667,3086.0,4.0,1
2018-10-31,Dhaka,28.1935483870968,64.5483870967742,0.354838709677419,2405.0,5.0,1
2018-11-30,Dhaka,26.0333333333333,56.2,0.106666666666667,1192.0,2.0,1
2018-12-31,Dhaka,22.0322580645161,54.258064516129,0.390322580645161,293.0,1.0,1
2019-01-31,Dhaka,25.9032258064516,42.9032258064516,0.0,38.0,0.0,1
2019-02-28,Dhaka,26.6785714285714,45.5,3.5,18.0,0.0,1
2019-03-31,Dhaka,30.4193548387097,43.8064516129032,1.85806451612903,17.0,0.0,1
2019-04-30,Dhaka,33.5666666666667,53.4333333333333,7.49,58.0,2.0,1
2019-05-31,Dhaka,34.9032258064516,62.0,16.1322580645161,193.0,0.0,1
2019-06-30,Dhaka,32.7666666666667,68.2333333333333,8.21333333333333,1867.0,5.0,1
2019-07-31,Dhaka,31.4516129032258,73.5161290322581,12.3870967741935,14107.0,28.0,1
2019-08-31,Dhaka,31.3870967741935,72.741935483871,6.64516129032258,32008.0,124.0,1
2019-09-30,Dhaka,30.4666666666667,73.5666666666667,7.5,8860.0,38.0,1
2019-10-31,Dhaka,29.7096774193548,67.8064516129032,5.78709677419355,3566.0,6.0,1
2019-11-30,Dhaka,28.9666666666667,61.4333333333333,4.77,2007.0,6.0,1
2019-12-31,Dhaka,24.5161290322581,47.0967741935484,0.032258064516129,814.0,11.0,1
2020-01-31,Dhaka,23.3225806451613,49.5483870967742,0.125806451612903,176.0,0.0,1
2020-02-29,Dhaka,25.5172413793103,38.1034482758621,0.106896551724138,,,1
2020-03-31,Dhaka,30.5161290322581,38.0967741935484,0.632258064516129,26.0,0.0,1
2020-04-30,Dhaka,33.0333333333333,53.8,9.74666666666667,23.0,0.0,1
2020-05-31,Dhaka,33.0967741935484,59.1935483870968,4.91935483870968,8.0,0.0,1
2020-06-30,Dhaka,32.1,70.5666666666667,13.1766666666667,18.0,0.0,1
2020-07-31,Dhaka,30.8387096774194,75.9354838709677,15.2,20.0,0.0,1
2020-08-31,Dhaka,30.9677419354839,74.8709677419355,8.36774193548387,66.0,0.0,1
2020-09-30,Dhaka,30.9333333333333,75.2333333333333,15.38,45.0,0.0,1
2020-10-31,Dhaka,30.9032258064516,71.1612903225806,10.9774193548387,158.0,3.0,1
2020-11-30,Dhaka,28.2666666666667,53.8,0.02,499.0,3.0,1
2020-12-31,Dhaka,25.9677419354839,45.7096774193548,0.0,196.0,4.0,1
2021-01-31,Dhaka,20.5,66.7,0.024,60.0,0.0,1
2021-02-28,Dhaka,25.6,54.4,0.5961,10.0,0.0,1
2021-03-31,Dhaka,25.7,77.0,0.8691,11.0,0.0,1
2021-04-30,Dhaka,32.0952,58.1,4.2429,19.0,0.0,1
2021-05-31,Dhaka,32.6544,65.33179723,5.218,161.0,0.0,1
2021-06-30,Dhaka,31.6762,73.281,5.191,704.0,1.0,1
2021-07-31,Dhaka,30.6129,77.6682,5.4065,1298.0,3.0,1
2021-08-31,Dhaka,30.6771,76.5253,3.6166,2873.0,6.0,1
2021-09-30,Dhaka,30.39,75.3619,4.8181,7422.0,17.0,1
2021-10-31,Dhaka,28.8657,71.212,3.0724,15203.0,59.0,1
2021-11-30,Dhaka,20.6,80.0,0.7867,12386.0,71.0,1
2021-12-31,Dhaka,21.2843,54.9862,0.165,3178.0,18.0,1
2022-01-31,Dhaka,22.0369,49.76497696,0.024,24.0,0.0,1
2022-02-28,Dhaka,24.6244,45.08462351,0.5961,7.0,0.0,1
2022-03-31,Dhaka,29.0369,45.71889401,0.8691,12.0,0.0,1
2022-04-30,Dhaka,32.0952,58.1,4.2429,2.0,0.0,1
2022-05-31,Dhaka,32.6544,65.33179723,5.218,41.0,0.0,1
2022-06-30,Dhaka,31.6762,73.281,5.191,269.0,0.0,1
2022-07-31,Dhaka,30.6129,77.6682,5.4065,2266.0,3.0,1
2022-08-31,Dhaka,30.6771,76.5253,3.6166,7376.0,35.0,1
2022-09-30,Dhaka,30.39,75.3619,4.8181,7014.0,24.0,1
2022-10-31,Dhaka,28.8657,71.212,3.0724,4750.0,22.0,1
2022-11-30,Dhaka,25.2686,61.319,0.7867,2963.0,6.0,1
2022-12-31,Dhaka,21.2843,54.9862,0.165,619.0,5.0,1
2014-01-31,Khulna,21.1935483870968,45.8709677419355,0.0032258064516129,0.0,0.0,2
2014-02-28,Khulna,24.25,44.8928571428572,0.0392857142857142,0.0,0.0,2
2014-03-31,Khulna,29.258064516129,42.3548387096774,0.251612903225806,0.0,0.0,2
2014-04-30,Khulna,34.9333333333333,47.8666666666667,0.103333333333333,0.0,0.0,2
2014-05-31,Khulna,34.7096774193548,58.0645161290323,0.780645161290323,0.0,0.0,2
2014-06-30,Khulna,33.5333333333333,67.6666666666667,1.72333333333333,0.0,0.0,2
2014-07-31,Khulna,30.4838709677419,79.2903225806452,4.81290322580645,0.0,0.0,2
2014-08-31,Khulna,30.0,82.0,2.64838709677419,0.0,0.0,2
2014-09-30,Khulna,29.4666666666667,80.8,2.10666666666667,0.0,0.0,2
2014-10-31,Khulna,27.8064516129032,73.5483870967742,0.709677419354839,0.0,0.0,2
2014-11-30,Khulna,25.0333333333333,53.3,0.0733333333333333,0.0,0.0,2
2014-12-31,Khulna,21.7096774193548,46.3548387096774,0.0193548387096774,,,2
2015-01-31,Khulna,21.9032258064516,48.3870967741936,0.209677419354839,0.0,0.0,2
2015-02-28,Khulna,25.6071428571429,45.8928571428571,0.103571428571429,0.0,0.0,2
2015-03-31,Khulna,29.4193548387097,43.6774193548387,0.261290322580645,0.0,0.0,2
2015-04-30,Khulna,32.0333333333333,59.7,1.36333333333333,0.0,0.0,2
2015-05-31,Khulna,34.0645161290323,62.2903225806452,0.887096774193548,0.0,0.0,2
2015-06-30,Khulna,32.6666666666667,66.1333333333333,2.64,0.0,0.0,2
2015-07-31,Khulna,30.0967741935484,78.1290322580645,5.58709677419355,0.0,0.0,2
2015-08-31,Khulna,30.7741935483871,77.8387096774194,2.54193548387097,0.0,0.0,2
2015-09-30,Khulna,30.4333333333333,74.3333333333333,1.13333333333333,0.0,0.0,2
2015-10-31,Khulna,28.7096774193548,68.9354838709677,0.909677419354839,0.0,0.0,2
2015-11-30,Khulna,26.2333333333333,57.5333333333333,0.04,0.0,0.0,2
2015-12-31,Khulna,23.3870967741935,50.4516129032258,0.0516129032258064,0.0,0.0,2
2015-12-31,Khulna,23.3870967741935,50.4516129032258,0.0516129032258064,0.0,0.0,2
2016-01-31,Khulna,22.3548387096774,43.5161290322581,0.0129032258064516,0.0,0.0,2
2016-02-29,Khulna,27.3448275862069,48.8965517241379,0.551724137931034,,,2
2016-03-31,Khulna,30.7096774193548,49.7741935483871,0.961290322580645,0.0,0.0,2
2016-04-30,Khulna,34.3666666666667,58.7333333333333,0.87,0.0,0.0,2
2016-05-31,Khulna,33.6129032258064,62.9032258064516,1.65161290322581,0.0,0.0,2
2016-06-30,Khulna,32.7333333333333,67.2666666666667,1.85666666666667,0.0,0.0,2
2016-07-31,Khulna,31.1935483870968,74.7741935483871,2.81612903225806,0.0,0.0,2
2016-08-31,Khulna,30.5483870967742,76.9677419354839,4.74516129032258,0.0,0.0,2
2016-09-30,Khulna,29.9333333333333,80.2,2.69,0.0,0.0,2
2016-10-31,Khulna,28.8064516129032,71.741935483871,0.590322580645161,0.0,0.0,2
2016-11-30,Khulna,24.9,60.8,0.856666666666667,0.0,0.0,2
2016-12-31,Khulna,23.0,49.1935483870968,0.0,0.0,0.0,2
2017-01-31,Khulna,22.0645161290323,41.1290322580645,0.0,0.0,0.0,2
2017-02-28,Khulna,25.6428571428571,41.1428571428572,0.0821428571428571,0.0,0.0,2
2017-03-31,Khulna,28.2258064516129,57.0,0.770967741935484,0.0,0.0,2
2017-04-30,Khulna,32.2333333333333,64.7666666666667,0.253333333333333,0.0,0.0,2
2017-05-31,Khulna,34.4193548387097,61.1612903225806,1.45483870967742,0.0,0.0,2
2017-06-30,Khulna,32.4666666666667,70.3666666666667,3.58,0.0,0.0,2
2017-07-31,Khulna,31.0,74.0645161290323,2.98387096774193,0.0,0.0,2
2017-08-31,Khulna,30.7096774193548,77.8709677419355,4.98064516129032,0.0,0.0,2
2017-09-30,Khulna,30.2333333333333,77.7666666666667,2.62666666666667,0.0,0.0,2
2017-10-31,Khulna,28.0645161290323,77.1290322580645,2.28709677419355,0.0,0.0,2
2017-11-30,Khulna,25.7,56.9666666666667,0.266666666666667,0.0,0.0,2
2017-12-31,Khulna,23.4193548387097,53.7096774193548,0.474193548387097,0.0,0.0,2
2018-01-31,Khulna,21.3333333333333,37.8,0.0,0.0,0.0,2
2018-02-28,Khulna,26.7857142857143,38.5714285714286,0.0,0.0,0.0,2
2018-03-31,Khulna,30.9677419354839,44.0967741935484,0.180645161290322,0.0,0.0,2
2018-04-30,Khulna,32.2666666666667,57.9666666666667,0.87,0.0,0.0,2
2018-05-31,Khulna,33.0,62.8064516129032,1.24838709677419,0.0,0.0,2
2018-06-30,Khulna,32.9333333333333,65.3333333333333,3.68333333333333,0.0,0.0,2
2018-07-31,Khulna,30.6774193548387,77.7096774193548,4.46129032258065,0.0,0.0,2
2018-08-31,Khulna,30.5161290322581,79.9354838709678,4.63870967741936,0.0,0.0,2
2018-09-30,Khulna,30.1333333333333,77.2333333333333,3.22333333333333,1.0,0.0,2
2018-10-31,Khulna,28.1612903225806,66.6451612903226,1.49354838709677,0.0,0.0,2
2018-11-30,Khulna,26.4666666666667,55.0,0.0633333333333333,0.0,0.0,2
2018-12-31,Khulna,22.1612903225806,47.0,0.106451612903226,0.0,0.0,2
2019-01-31,Khulna,24.8387096774194,38.3225806451613,0.0,5.0,0.0,2
2019-02-28,Khulna,26.9642857142857,42.5357142857143,2.03571428571429,0.0,0.0,2
2019-03-31,Khulna,30.6451612903226,47.3225806451613,0.693548387096774,0.0,0.0,2
2019-04-30,Khulna,34.6,53.2666666666667,2.42666666666667,0.0,0.0,2
2019-05-31,Khulna,36.4193548387097,58.5161290322581,1.89354838709677,0.0,0.0,2
2019-06-30,Khulna,34.1333333333333,64.5666666666667,3.82333333333333,2.0,0.0,2
2019-07-31,Khulna,31.6774193548387,73.0322580645161,10.4967741935484,434.0,0.0,2
2019-08-31,Khulna,30.2903225806452,81.0645161290323,11.6741935483871,4579.0,8.0,2
2019-09-30,Khulna,29.1,83.8,9.12333333333333,3994.0,3.0,2
2019-10-31,Khulna,28.2258064516129,76.5483870967742,6.60645161290323,2092.0,6.0,2
2019-11-30,Khulna,27.0333333333333,67.6666666666667,11.73,740.0,7.0,2
2019-12-31,Khulna,23.6451612903226,46.8387096774194,0.0032258064516129,134.0,0.0,2
2020-01-31,Khulna,23.4193548387097,47.6774193548387,0.229032258064516,5.0,0.0,2
2020-02-29,Khulna,25.7586206896552,38.7241379310345,0.141379310344828,,,2
2020-03-31,Khulna,31.0,43.3870967741936,0.541935483870968,1.0,0.0,2
2020-04-30,Khulna,33.4,58.9,8.28,1.0,0.0,2
2020-05-31,Khulna,33.1935483870968,62.4516129032258,2.99354838709677,0.0,0.0,2
2020-06-30,Khulna,32.4666666666667,69.6666666666667,4.10333333333333,2.0,0.0,2
2020-07-31,Khulna,30.5806451612903,78.3870967741936,7.21290322580645,3.0,1.0,2
2020-08-31,Khulna,30.1935483870968,82.1612903225806,12.0838709677419,2.0,0.0,2
2020-09-30,Khulna,29.9333333333333,83.2333333333333,8.38,2.0,0.0,2
2020-10-31,Khulna,28.9354838709677,79.1612903225806,9.3741935483871,4.0,0.0,2
2020-11-30,Khulna,26.8,54.0333333333333,0.506666666666667,42.0,0.0,2
2020-12-31,Khulna,25.1935483870968,41.0967741935484,0.0,35.0,1.0,2
2021-01-31,Khulna,20.1,74.0,0.0,1.0,0.0,2
2021-02-28,Khulna,24.8,67.8,0.4923,1.0,0.0,2
2021-03-31,Khulna,27.1,72.0,0.5231,3.0,0.0,2
2021-04-30,Khulna,33.4048,57.3143,2.0237,1.0,0.0,2
2021-05-31,Khulna,34.2028,61.1705,1.5587,1.0,0.0,2
2021-06-30,Khulna,32.9905,67.2857,3.0584,8.0,0.0,2
2021-07-31,Khulna,30.8157,76.4839,5.4816,14.0,0.0,2
2021-08-31,Khulna,30.4332,79.6912,6.1876,43.0,0.0,2
2021-09-30,Khulna,29.8905,79.6238,4.1833,556.0,0.0,2
2021-10-31,Khulna,26.0,76.9,3.1387,1288.0,6.0,2
2021-11-30,Khulna,23.8,86.0,1.9339,1200.0,6.0,2
2021-12-31,Khulna,20.6,80.5,0.0934,234.0,0.0,2
2022-01-31,Khulna,19.1,71.0,0.0,8.0,0.0,2
2022-02-28,Khulna,26.0505,49.2857,0.4923,2.0,0.0,2
2022-03-31,Khulna,30.0323,46.8018,0.5231,1.0,0.0,2
2022-04-30,Khulna,33.4048,57.3143,2.0237,0.0,0.0,2
2022-05-31,Khulna,34.2028,61.1705,1.5587,2.0,0.0,2
2022-06-30,Khulna,32.9905,67.2857,3.0584,1.0,0.0,2
2022-07-31,Khulna,30.8157,76.4839,5.4816,13.0,0.0,2
2022-08-31,Khulna,30.4332,79.6912,6.1876,77.0,1.0,2
2022-09-30,Khulna,29.8905,79.6238,4.1833,151.0,1.0,2
2022-10-31,Khulna,26.0,76.9,3.1387,131.0,0.0,2
2022-11-30,Khulna,23.8,74.5,1.9339,87.0,0.0,2
2022-12-31,Khulna,20.6,80.5,0.0934,31.0,0.0,2
2018-01-31,Mymensingh,21.0264516129032,47.4193548387097,0.0,0.0,0.0,8
2018-02-28,Mymensingh,25.8417857142857,44.0,0.0439285714285714,0.0,0.0,8
2018-03-31,Mymensingh,30.1861290322581,46.4193548387097,0.48258064516129,0.0,0.0,8
2018-04-30,Mymensingh,31.943,57.0,3.34766666666667,0.0,0.0,8
2018-05-31,Mymensingh,31.6070967741935,70.0967741935484,4.86903225806452,0.0,0.0,8
2018-06-30,Mymensingh,32.3876666666667,73.6,3.02966666666667,0.0,0.0,8
2018-07-31,Mymensingh,31.7387096774193,76.1935483870968,1.54,0.0,0.0,8
2018-08-31,Mymensingh,31.8374193548387,75.7096774193548,2.21838709677419,0.0,0.0,8
2018-09-30,Mymensingh,31.6696666666667,70.6666666666667,2.189,0.0,0.0,8
2018-10-31,Mymensingh,28.8958064516129,64.5483870967742,0.363225806451613,0.0,0.0,8
2018-11-30,Mymensingh,26.682,56.2,0.109333333333333,0.0,0.0,8
2018-12-31,Mymensingh,22.5809677419355,54.258064516129,0.4,0.0,0.0,8
2019-01-31,Mymensingh,26.5487096774194,42.9032258064516,0.0,0.0,0.0,8
2019-02-28,Mymensingh,27.3417857142857,45.5,3.58714285714286,0.0,0.0,8
2019-03-31,Mymensingh,31.1767741935484,43.8064516129032,1.90451612903226,0.0,0.0,8
2019-04-30,Mymensingh,34.4026666666667,53.4333333333333,7.67633333333333,0.0,0.0,8
2019-05-31,Mymensingh,35.7725806451613,62.0,16.5335483870968,0.0,0.0,8
2019-06-30,Mymensingh,33.584,68.2333333333333,8.41666666666667,0.0,0.0,8
2019-07-31,Mymensingh,32.2351612903226,73.5161290322581,12.6954838709677,256.0,0.0,8
2019-08-31,Mymensingh,32.1693548387097,72.741935483871,6.80967741935484,1555.0,3.0,8
2019-09-30,Mymensingh,31.2253333333333,73.5666666666667,7.686,332.0,1.0,8
2019-10-31,Mymensingh,30.4493548387097,67.8064516129032,5.93096774193548,146.0,0.0,8
2019-11-30,Mymensingh,29.688,61.4333333333333,4.88866666666667,71.0,0.0,8
2019-12-31,Mymensingh,25.1267741935484,47.0967741935484,0.0329032258064516,21.0,1.0,8
2020-01-31,Mymensingh,23.9029032258064,49.5483870967742,0.128709677419355,7.0,0.0,8
2020-02-29,Mymensingh,26.1527586206897,38.1034482758621,0.109310344827586,0.0,0.0,8
2020-03-31,Mymensingh,31.2767741935484,38.0967741935484,0.64741935483871,0.0,0.0,8
2020-04-30,Mymensingh,33.8566666666667,53.8,9.98933333333333,0.0,0.0,8
2020-05-31,Mymensingh,33.9222580645161,59.1935483870968,5.04161290322581,1.0,0.0,8
2020-06-30,Mymensingh,32.9,70.5666666666667,13.5043333333333,0.0,0.0,8
2020-07-31,Mymensingh,31.6074193548387,75.9354838709677,15.5774193548387,0.0,0.0,8
2020-08-31,Mymensingh,31.7390322580645,74.8709677419355,8.57645161290323,0.0,0.0,8
2020-09-30,Mymensingh,31.7036666666667,75.2333333333333,15.7633333333333,0.0,0.0,8
2020-10-31,Mymensingh,31.6729032258064,71.1612903225806,11.2506451612903,2.0,0.0,8
2020-11-30,Mymensingh,28.971,53.8,0.0203333333333333,5.0,0.0,8
2020-12-31,Mymensingh,26.6138709677419,45.7096774193548,0.0,0.0,0.0,8
2021-01-31,Mymensingh,18.0,81.4,0.1287,0.0,0.0,8
2021-02-28,Mymensingh,23.4,72.6,1.2468,0.0,0.0,8
2021-03-31,Mymensingh,25.3,80.0,1.0115,0.0,0.0,8
2021-04-30,Mymensingh,33.4008,54.7444,7.0044,1.0,0.0,8
2021-05-31,Mymensingh,33.7673,63.7634,8.8147,0.0,0.0,8
2021-06-30,Mymensingh,32.9572,70.8,8.3169,1.0,0.0,8
2021-07-31,Mymensingh,31.8604,75.2151,9.9376,6.0,0.0,8
2021-08-31,Mymensingh,31.9153,74.4409,5.8682,48.0,0.0,8
2021-09-30,Mymensingh,31.5329,73.1556,8.5461,85.0,0.0,8
2021-10-31,Mymensingh,30.3394,67.8387,5.8483,95.0,1.0,8
2021-11-30,Mymensingh,19.3,89.0,1.6728,60.0,1.0,8
2021-12-31,Mymensingh,19.4,82.4,0.2165,16.0,2.0,8
2022-01-31,Mymensingh,18.8,79.0,0.0,1.0,0.0,8
2022-02-28,Mymensingh,23.4,72.6,1.2468,0.0,0.0,8
2022-03-31,Mymensingh,25.3,80.0,1.0115,1.0,0.0,8
2022-04-30,Mymensingh,33.4008,54.7444,7.0044,0.0,0.0,8
2022-05-31,Mymensingh,33.7673,63.7634,8.8147,0.0,0.0,8
2022-06-30,Mymensingh,32.9572,70.8,8.3169,8.0,0.0,8
2022-07-31,Mymensingh,31.8604,75.2151,9.9376,16.0,0.0,8
2022-08-31,Mymensingh,31.9153,74.4409,5.8682,27.0,0.0,8
2022-09-30,Mymensingh,31.5329,73.1556,8.5461,120.0,0.0,8
2022-10-31,Mymensingh,25.3,83.4,7.62,380.0,4.0,8
2022-11-30,Mymensingh,23.5,80.0,0.0,387.0,2.0,8
2022-12-31,Mymensingh,19.4,82.4,0.25,80.0,0.0,8
2014-01-31,Rajshahi,19.7096774193548,53.3870967741936,0.0064516129032258,0.0,0.0,3
2014-02-28,Rajshahi,22.4285714285714,45.9642857142857,0.385714285714286,0.0,0.0,3
2014-03-31,Rajshahi,28.3548387096774,33.5483870967742,0.0354838709677419,0.0,0.0,3
2014-04-30,Rajshahi,34.9,28.8,0.0133333333333333,0.0,0.0,3
2014-05-31,Rajshahi,35.2903225806452,46.7096774193548,1.92903225806452,0.0,0.0,3
2014-06-30,Rajshahi,34.1,64.3333333333333,3.75,0.0,0.0,3
2014-07-31,Rajshahi,30.7096774193548,79.741935483871,3.40645161290323,0.0,0.0,3
2014-08-31,Rajshahi,29.9677419354839,82.0967741935484,3.96129032258064,0.0,0.0,3
2014-09-30,Rajshahi,29.6,79.4666666666667,5.01,0.0,0.0,3
2014-10-31,Rajshahi,27.3225806451613,72.5806451612903,0.596774193548387,0.0,0.0,3
2014-11-30,Rajshahi,24.5,55.5666666666667,0.0033333333333333,0.0,0.0,3
2014-12-31,Rajshahi,21.0967741935484,49.3870967741936,0.0,,,3
2015-01-31,Rajshahi,21.0645161290323,48.7096774193548,0.0838709677419354,0.0,0.0,3
2015-02-28,Rajshahi,24.8214285714286,40.8928571428571,0.214285714285714,0.0,0.0,3
2015-03-31,Rajshahi,29.0645161290323,33.9354838709677,0.119354838709677,0.0,0.0,3
2015-04-30,Rajshahi,32.1,50.0666666666667,2.05666666666667,0.0,0.0,3
2015-05-31,Rajshahi,34.5806451612903,53.9354838709677,2.81290322580645,0.0,0.0,3
2015-06-30,Rajshahi,32.8333333333333,65.4333333333333,8.01666666666667,0.0,0.0,3
2015-07-31,Rajshahi,30.6774193548387,77.9354838709677,8.56129032258065,0.0,0.0,3
2015-08-31,Rajshahi,30.5483870967742,78.1612903225806,4.8258064516129,0.0,0.0,3
2015-09-30,Rajshahi,30.7666666666667,70.4333333333333,4.38666666666667,0.0,0.0,3
2015-10-31,Rajshahi,28.9677419354839,64.0,0.932258064516129,0.0,0.0,3
2015-11-30,Rajshahi,26.5333333333333,56.8,0.03,0.0,0.0,3
2015-12-31,Rajshahi,22.741935483871,46.2258064516129,0.0096774193548387,0.0,0.0,3
2015-12-31,Rajshahi,22.741935483871,46.2258064516129,0.0096774193548387,0.0,0.0,3
2016-01-31,Rajshahi,21.3225806451613,43.5806451612903,0.0677419354838709,0.0,0.0,3
2016-02-29,Rajshahi,26.3103448275862,36.2413793103448,0.0275862068965517,,,3
2016-03-31,Rajshahi,31.0322580645161,33.2903225806452,0.380645161290323,0.0,0.0,3
2016-04-30,Rajshahi,35.5333333333333,40.0333333333333,0.823333333333333,0.0,0.0,3
2016-05-31,Rajshahi,34.0,54.1290322580645,2.10967741935484,0.0,0.0,3
2016-06-30,Rajshahi,33.2666666666667,62.5,3.06333333333333,0.0,0.0,3
2016-07-31,Rajshahi,31.0322580645161,76.0967741935484,4.60645161290323,0.0,0.0,3
2016-08-31,Rajshahi,31.1612903225806,73.2903225806452,3.42258064516129,0.0,0.0,3
2016-09-30,Rajshahi,30.2333333333333,76.6,3.83,0.0,0.0,3
2016-10-31,Rajshahi,28.9032258064516,69.7096774193548,1.38387096774194,0.0,0.0,3
2016-11-30,Rajshahi,25.9,55.3333333333333,0.0333333333333333,0.0,0.0,3
2016-12-31,Rajshahi,22.9032258064516,49.0967741935484,0.0,0.0,0.0,3
2017-01-31,Rajshahi,21.258064516129,42.741935483871,0.0290322580645161,0.0,0.0,3
2017-02-28,Rajshahi,24.75,37.1785714285714,0.0035714285714285,0.0,0.0,3
2017-03-31,Rajshahi,28.0645161290323,44.258064516129,0.635483870967742,0.0,0.0,3
2017-04-30,Rajshahi,32.1666666666667,54.9,3.45,0.0,0.0,3
2017-05-31,Rajshahi,34.1935483870968,54.7741935483871,1.46451612903226,0.0,0.0,3
2017-06-30,Rajshahi,33.1,65.1333333333333,2.40666666666667,0.0,0.0,3
2017-07-31,Rajshahi,30.6129032258064,76.8387096774194,5.56129032258064,0.0,0.0,3
2017-08-31,Rajshahi,31.0967741935484,74.1290322580645,4.56774193548387,0.0,0.0,3
2017-09-30,Rajshahi,31.1666666666667,71.4,4.22666666666667,0.0,0.0,3
2017-10-31,Rajshahi,28.4838709677419,73.1612903225806,3.71612903225806,0.0,0.0,3
2017-11-30,Rajshahi,25.4666666666667,56.7333333333333,0.04,0.0,0.0,3
2017-12-31,Rajshahi,23.2258064516129,53.4193548387097,0.0387096774193548,0.0,0.0,3
2018-01-31,Rajshahi,19.6451612903226,44.0,0.0,0.0,0.0,3
2018-02-28,Rajshahi,25.4285714285714,37.9285714285714,0.0,0.0,0.0,3
2018-03-31,Rajshahi,30.5806451612903,33.0,0.435483870967742,0.0,0.0,3
2018-04-30,Rajshahi,32.4333333333333,48.9333333333333,2.15,0.0,0.0,3
2018-05-31,Rajshahi,32.4838709677419,60.0322580645161,4.03548387096774,0.0,0.0,3
2018-06-30,Rajshahi,33.5666666666667,61.1333333333333,2.66,0.0,0.0,3
2018-07-31,Rajshahi,31.3548387096774,74.9677419354839,6.28387096774194,0.0,0.0,3
2018-08-31,Rajshahi,31.1290322580645,75.6774193548387,4.69032258064516,0.0,0.0,3
2018-09-30,Rajshahi,30.8333333333333,70.8333333333333,3.17333333333333,1.0,0.0,3
2018-10-31,Rajshahi,28.4838709677419,60.7741935483871,0.606451612903226,0.0,0.0,3
2018-11-30,Rajshahi,26.2333333333333,51.0666666666667,0.0233333333333333,0.0,0.0,3
2018-12-31,Rajshahi,21.5161290322581,48.0967741935484,0.235483870967742,0.0,0.0,3
2019-01-31,Rajshahi,23.6129032258064,43.9032258064516,0.0,0.0,0.0,3
2019-02-28,Rajshahi,25.5,44.5357142857143,2.30357142857143,0.0,0.0,3
2019-03-31,Rajshahi,30.4193548387097,34.1612903225806,0.645161290322581,0.0,0.0,3
2019-04-30,Rajshahi,34.4333333333333,47.0,4.03333333333333,0.0,0.0,3
2019-05-31,Rajshahi,37.0,47.5483870967742,7.19032258064516,0.0,0.0,3
2019-06-30,Rajshahi,34.5666666666667,60.6333333333333,3.58666666666667,1.0,0.0,3
2019-07-31,Rajshahi,31.1935483870968,77.7741935483871,20.4032258064516,348.0,0.0,3
2019-08-31,Rajshahi,30.7096774193548,80.258064516129,12.3193548387097,2903.0,3.0,3
2019-09-30,Rajshahi,29.5,81.2666666666667,17.7666666666667,1022.0,2.0,3
2019-10-31,Rajshahi,27.9032258064516,72.6451612903226,5.83870967741936,383.0,0.0,3
2019-11-30,Rajshahi,27.7666666666667,58.5666666666667,0.08,137.0,0.0,3
2019-12-31,Rajshahi,23.0967741935484,45.3870967741936,0.0,20.0,0.0,3
2020-01-31,Rajshahi,21.9032258064516,51.2258064516129,0.345161290322581,1.0,0.0,3
2020-02-29,Rajshahi,24.5172413793103,40.8275862068966,0.627586206896552,,,3
2020-03-31,Rajshahi,30.4516129032258,34.1935483870968,0.367741935483871,0.0,0.0,3
2020-04-30,Rajshahi,34.0666666666667,43.5666666666667,4.15,0.0,0.0,3
2020-05-31,Rajshahi,33.8709677419355,54.5161290322581,10.8161290322581,0.0,0.0,3
2020-06-30,Rajshahi,32.7666666666667,68.7333333333333,20.3233333333333,0.0,0.0,3
2020-07-31,Rajshahi,30.3870967741935,82.4516129032258,26.9064516129032,0.0,0.0,3
2020-08-31,Rajshahi,30.741935483871,80.5806451612903,12.8225806451613,0.0,0.0,3
2020-09-30,Rajshahi,30.3666666666667,81.0666666666667,22.8166666666667,0.0,0.0,3
2020-10-31,Rajshahi,30.0322580645161,70.3225806451613,4.39677419354839,0.0,0.0,3
2020-11-30,Rajshahi,26.8666666666667,51.9,0.0266666666666666,0.0,0.0,3
2020-12-31,Rajshahi,24.5483870967742,42.1290322580645,0.0,0.0,0.0,3
2021-01-31,Rajshahi,17.8,78.1,0.1065,0.0,0.0,3
2021-02-28,Rajshahi,23.2,62.8,0.5937,0.0,0.0,3
2021-03-31,Rajshahi,24.7,54.0,0.3742,0.0,0.0,3
2021-04-30,Rajshahi,33.6619,44.7571,2.3824,0.0,0.0,3
2021-05-31,Rajshahi,34.4885,53.0922,4.3369,0.0,0.0,3
2021-06-30,Rajshahi,33.4571,63.9857,6.2581,0.0,0.0,3
2021-07-31,Rajshahi,30.8525,77.9724,10.8184,1.0,1.0,3
2021-08-31,Rajshahi,30.765,77.7419,6.6585,24.0,0.0,3
2021-09-30,Rajshahi,30.3524,75.8667,8.7443,82.0,0.0,3
2021-10-31,Rajshahi,28.5853,69.0276,2.4959,60.0,0.0,3
2021-11-30,Rajshahi,19.7,84.0,0.0338,33.0,0.0,3
2021-12-31,Rajshahi,22.7327,47.6774,0.0946,6.0,-1.0,3
2022-01-31,Rajshahi,17.6,80.0,0.1065,0.0,0.0,3
2022-02-28,Rajshahi,23.2,62.8,0.5937,0.0,0.0,3
2022-03-31,Rajshahi,24.7,54.0,0.3742,1.0,0.0,3
2022-04-30,Rajshahi,33.6619,44.7571,2.3824,0.0,0.0,3
2022-05-31,Rajshahi,34.4885,53.0922,4.3369,0.0,0.0,3
2022-06-30,Rajshahi,33.4571,63.9857,6.2581,0.0,0.0,3
2022-07-31,Rajshahi,30.8525,77.9724,10.8184,2.0,0.0,3
2022-08-31,Rajshahi,30.765,77.7419,6.6585,1.0,0.0,3
2022-09-30,Rajshahi,30.3524,75.8667,8.7443,278.0,0.0,3
2022-10-31,Rajshahi,25.0,80.1,2.4959,963.0,2.0,3
2022-11-30,Rajshahi,22.5,74.4,0.0338,755.0,7.0,3
2022-12-31,Rajshahi,19.1,76.4,0.0946,111.0,7.0,3
2014-01-31,Rangpur,20.8064516129032,57.6451612903226,0.0387096774193548,0.0,0.0,5
2014-02-28,Rangpur,22.4642857142857,46.7142857142857,0.525,0.0,0.0,5
2014-03-31,Rangpur,28.258064516129,33.5483870967742,0.0870967741935483,0.0,0.0,5
2014-04-30,Rangpur,33.3333333333333,30.5,0.27,0.0,0.0,5
2014-05-31,Rangpur,32.8387096774194,60.1612903225807,2.81935483870968,0.0,0.0,5
2014-06-30,Rangpur,31.7333333333333,76.1666666666667,9.34,0.0,0.0,5
2014-07-31,Rangpur,30.9032258064516,78.0967741935484,4.5741935483871,0.0,0.0,5
2014-08-31,Rangpur,30.0322580645161,82.0,9.45806451612903,0.0,0.0,5
2014-09-30,Rangpur,28.9666666666667,83.3,10.37,0.0,0.0,5
2014-10-31,Rangpur,27.0645161290323,75.6129032258064,0.509677419354839,0.0,0.0,5
2014-11-30,Rangpur,24.4666666666667,67.1,0.08,0.0,0.0,5
2014-12-31,Rangpur,21.6774193548387,58.5806451612903,0.0,,,5
2015-01-31,Rangpur,21.0322580645161,52.6774193548387,0.2,0.0,0.0,5
2015-02-28,Rangpur,24.4285714285714,41.8928571428572,0.246428571428571,0.0,0.0,5
2015-03-31,Rangpur,28.3225806451613,36.1612903225806,0.670967741935484,0.0,0.0,5
2015-04-30,Rangpur,29.2,60.6666666666667,5.2,0.0,0.0,5
2015-05-31,Rangpur,31.5806451612903,67.4193548387097,4.77096774193548,0.0,0.0,5
2015-06-30,Rangpur,30.4,79.3666666666667,9.04,0.0,0.0,5
2015-07-31,Rangpur,29.9354838709677,82.4838709677419,7.63548387096774,0.0,0.0,5
2015-08-31,Rangpur,29.7741935483871,83.1290322580645,10.958064516129,0.0,0.0,5
2015-09-30,Rangpur,29.4666666666667,79.0666666666667,7.93333333333333,0.0,0.0,5
2015-10-31,Rangpur,28.0645161290323,72.6451612903226,0.893548387096774,0.0,0.0,5
2015-11-30,Rangpur,24.9333333333333,67.8,0.286666666666667,0.0,0.0,5
2015-12-31,Rangpur,21.3225806451613,58.2903225806452,0.132258064516129,0.0,0.0,5
2015-12-31,Rangpur,21.3225806451613,58.2903225806452,0.132258064516129,0.0,0.0,5
2016-01-31,Rangpur,20.6774193548387,54.5806451612903,0.193548387096774,0.0,0.0,5
2016-02-29,Rangpur,25.3793103448276,37.6896551724138,0.0034482758620689,,,5
2016-03-31,Rangpur,30.1612903225806,34.0,0.590322580645161,0.0,0.0,5
2016-04-30,Rangpur,32.0666666666667,55.6333333333333,1.5,0.0,0.0,5
2016-05-31,Rangpur,30.7741935483871,69.1935483870968,7.18387096774194,0.0,0.0,5
2016-06-30,Rangpur,30.9333333333333,76.2666666666667,7.38,0.0,0.0,5
2016-07-31,Rangpur,30.0645161290323,82.9032258064516,6.44193548387097,0.0,0.0,5
2016-08-31,Rangpur,31.3225806451613,74.3548387096774,2.49677419354839,0.0,0.0,5
2016-09-30,Rangpur,29.5,81.3333333333333,6.18333333333333,0.0,0.0,5
2016-10-31,Rangpur,27.9354838709677,76.8064516129032,2.27741935483871,0.0,0.0,5
2016-11-30,Rangpur,24.7666666666667,65.4666666666667,0.0366666666666666,0.0,0.0,5
2016-12-31,Rangpur,22.9354838709677,55.6774193548387,0.0419354838709677,0.0,0.0,5
2017-01-31,Rangpur,21.5483870967742,41.1935483870968,0.0129032258064516,0.0,0.0,5
2017-02-28,Rangpur,24.8928571428571,38.2142857142857,0.075,0.0,0.0,5
2017-03-31,Rangpur,26.3548387096774,49.1612903225806,1.54516129032258,0.0,0.0,5
2017-04-30,Rangpur,28.4666666666667,68.6,4.92666666666667,0.0,0.0,5
2017-05-31,Rangpur,30.2258064516129,74.4838709677419,5.46451612903226,0.0,0.0,5
2017-06-30,Rangpur,30.7,78.8666666666667,5.64333333333333,0.0,0.0,5
2017-07-31,Rangpur,29.9032258064516,79.9032258064516,5.18387096774193,0.0,0.0,5
2017-08-31,Rangpur,31.0322580645161,72.7096774193548,8.05806451612903,0.0,0.0,5
2017-09-30,Rangpur,30.4666666666667,75.0,7.07,0.0,0.0,5
2017-10-31,Rangpur,27.3870967741935,77.5806451612903,4.17741935483871,0.0,0.0,5
2017-11-30,Rangpur,24.4666666666667,64.2,0.0,0.0,0.0,5
2017-12-31,Rangpur,22.8387096774194,57.8064516129032,0.0,0.0,0.0,5
2018-01-31,Rangpur,19.6774193548387,46.258064516129,0.0032258064516129,0.0,0.0,5
2018-02-28,Rangpur,24.5357142857143,42.0714285714286,0.0642857142857143,0.0,0.0,5
2018-03-31,Rangpur,29.258064516129,35.5806451612903,0.229032258064516,0.0,0.0,5
2018-04-30,Rangpur,29.9,52.9666666666667,1.89666666666667,0.0,0.0,5
2018-05-31,Rangpur,29.2903225806452,70.4838709677419,4.43548387096774,0.0,0.0,5
2018-06-30,Rangpur,31.5333333333333,71.0666666666667,6.14666666666667,0.0,0.0,5
2018-07-31,Rangpur,31.2903225806452,72.5161290322581,5.95161290322581,0.0,0.0,5
2018-08-31,Rangpur,31.4838709677419,71.7096774193548,4.93870967741935,0.0,0.0,5
2018-09-30,Rangpur,30.4333333333333,72.5333333333333,4.24333333333333,0.0,0.0,5
2018-10-31,Rangpur,26.9032258064516,70.9354838709677,0.95483870967742,0.0,0.0,5
2018-11-30,Rangpur,24.4,61.4333333333333,0.0233333333333333,0.0,0.0,5
2018-12-31,Rangpur,21.1612903225806,53.5483870967742,0.196774193548387,0.0,0.0,5
2019-01-31,Rangpur,22.4193548387097,44.5161290322581,0.0612903225806451,0.0,0.0,5
2019-02-28,Rangpur,23.9285714285714,49.3214285714286,1.8,0.0,0.0,5
2019-03-31,Rangpur,28.0322580645161,37.0322580645161,0.92258064516129,0.0,0.0,5
2019-04-30,Rangpur,30.6333333333333,55.1,4.51666666666667,0.0,0.0,5
2019-05-31,Rangpur,30.258064516129,77.6774193548387,21.9709677419355,0.0,0.0,5
2019-06-30,Rangpur,31.6333333333333,74.5666666666667,14.6166666666667,0.0,0.0,5
2019-07-31,Rangpur,29.9677419354839,80.1612903225806,35.5838709677419,170.0,0.0,5
2019-08-31,Rangpur,31.3870967741935,73.0322580645161,12.7677419354839,1503.0,4.0,5
2019-09-30,Rangpur,28.7,82.0,27.42,309.0,0.0,5
2019-10-31,Rangpur,26.8709677419355,76.4838709677419,3.66774193548387,127.0,0.0,5
2019-11-30,Rangpur,25.9333333333333,64.3666666666667,0.0666666666666666,48.0,0.0,5
2019-12-31,Rangpur,21.7741935483871,50.9032258064516,0.0,18.0,0.0,5
2020-01-31,Rangpur,21.0,52.741935483871,0.206451612903226,0.0,0.0,5
2020-02-29,Rangpur,23.6551724137931,40.6551724137931,1.07241379310345,,,5
2020-03-31,Rangpur,29.0322580645161,33.258064516129,0.554838709677419,0.0,0.0,5
2020-04-30,Rangpur,30.7,44.1,5.16666666666667,0.0,0.0,5
2020-05-31,Rangpur,30.4838709677419,63.4516129032258,14.1129032258065,0.0,0.0,5
2020-06-30,Rangpur,29.3666666666667,82.0,37.7233333333333,0.0,0.0,5
2020-07-31,Rangpur,28.9032258064516,84.4838709677419,41.341935483871,0.0,0.0,5
2020-08-31,Rangpur,30.7096774193548,76.9354838709677,19.2774193548387,0.0,0.0,5
2020-09-30,Rangpur,29.0,84.5,32.44,0.0,0.0,5
2020-10-31,Rangpur,28.8387096774194,75.6774193548387,7.78064516129032,0.0,0.0,5
2020-11-30,Rangpur,24.3,61.4333333333333,0.296666666666667,0.0,0.0,5
2020-12-31,Rangpur,22.8064516129032,51.1290322580645,0.0612903225806451,0.0,0.0,5
2021-01-31,Rangpur,17.6,79.6,0.2165,0.0,0.0,5
2021-02-28,Rangpur,23.0,67.8,0.5409,0.0,0.0,5
2021-03-31,Rangpur,23.2,70.0,0.6571,0.0,0.0,5
2021-04-30,Rangpur,30.6143,52.5095,3.3538,0.0,0.0,5
2021-05-31,Rangpur,30.7788,68.9816,8.6797,0.0,0.0,5
2021-06-30,Rangpur,30.9,76.9,12.8414,0.0,0.0,5
2021-07-31,Rangpur,30.1382,80.0783,15.2447,0.0,0.0,5
2021-08-31,Rangpur,30.8203,76.2673,9.7078,18.0,0.0,5
2021-09-30,Rangpur,29.5048,79.6762,13.6657,17.0,0.0,5
2021-10-31,Rangpur,27.5806,75.106,2.8945,24.0,0.0,5
2021-11-30,Rangpur,20.3,64.5429,0.1317,11.0,0.0,5
2021-12-31,Rangpur,22.0737,55.1336,0.1081,0.0,0.0,5
2022-01-31,Rangpur,17.9,79.0,0.0,1.0,0.0,5
2022-02-28,Rangpur,30.6143,52.5095,3.3538,1.0,0.0,5
2022-03-31,Rangpur,30.7788,68.9816,8.6797,0.0,0.0,5
2022-04-30,Rangpur,30.9,76.9,12.8414,0.0,0.0,5
2022-05-31,Rangpur,30.1382,80.0783,15.2447,0.0,0.0,5
2022-06-30,Rangpur,30.8203,76.2673,9.7078,1.0,0.0,5
2022-07-31,Rangpur,29.5048,79.6762,13.6657,0.0,0.0,5
2022-08-31,Rangpur,30.8203,76.2673,9.7078,2.0,0.0,5
2022-09-30,Rangpur,29.5048,79.6762,13.6657,15.0,0.0,5
2022-10-31,Rangpur,26.7,81.8,43.43,52.0,0.0,5
2022-11-30,Rangpur,23.4,75.0,0.25,88.0,0.0,5
2022-12-31,Rangpur,19.4,80.8,0.0,15.0,0.0,5
2014-01-31,Sylhet,20.8387096774194,54.9354838709678,0.0,0.0,0.0,4
2014-02-28,Sylhet,21.75,51.6071428571429,0.228571428571429,0.0,0.0,4
2014-03-31,Sylhet,26.4193548387097,43.7096774193548,0.216129032258064,0.0,0.0,4
2014-04-30,Sylhet,31.7,40.9666666666667,0.823333333333333,0.0,0.0,4
2014-05-31,Sylhet,31.9032258064516,62.7096774193548,3.08709677419355,0.0,0.0,4
2014-06-30,Sylhet,31.3,72.9333333333333,7.79,0.0,0.0,4
2014-07-31,Sylhet,30.8709677419355,76.3225806451613,3.56774193548387,0.0,0.0,4
2014-08-31,Sylhet,28.8709677419355,82.9032258064516,6.01612903225807,0.0,0.0,4
2014-09-30,Sylhet,28.9333333333333,80.1666666666667,4.08666666666667,0.0,0.0,4
2014-10-31,Sylhet,27.2258064516129,69.9677419354839,0.141935483870968,0.0,0.0,4
2014-11-30,Sylhet,23.9,68.6,0.0,0.0,0.0,4
2014-12-31,Sylhet,21.5161290322581,62.7741935483871,0.0,0.0,0.0,4
2015-01-31,Sylhet,21.4838709677419,55.6774193548387,0.0612903225806451,0.0,0.0,4
2015-02-28,Sylhet,23.9642857142857,45.8928571428571,0.0428571428571428,0.0,0.0,4
2015-03-31,Sylhet,27.8709677419355,43.3548387096774,0.232258064516129,0.0,0.0,4
2015-04-30,Sylhet,28.7333333333333,64.7333333333333,3.87,0.0,0.0,4
2015-05-31,Sylhet,31.7096774193548,66.2903225806452,2.71612903225806,0.0,0.0,4
2015-06-30,Sylhet,30.2,79.5666666666667,6.37,0.0,0.0,4
2015-07-31,Sylhet,28.5806451612903,86.0645161290323,8.71612903225807,0.0,0.0,4
2015-08-31,Sylhet,28.6129032258064,86.6129032258064,9.36129032258064,0.0,0.0,4
2015-09-30,Sylhet,28.9666666666667,81.9,8.15,0.0,0.0,4
2015-10-31,Sylhet,28.1290322580645,72.2903225806452,0.941935483870968,0.0,0.0,4
2015-11-30,Sylhet,24.6,67.4,0.103333333333333,0.0,0.0,4
2015-12-31,Sylhet,21.1290322580645,63.1935483870968,0.0967741935483871,0.0,0.0,4
2015-12-31,Sylhet,21.1290322580645,63.1935483870968,0.0967741935483871,0.0,0.0,4
2016-01-31,Sylhet,20.5161290322581,55.9677419354839,0.0774193548387097,0.0,0.0,4
2016-02-29,Sylhet,24.8620689655172,50.8620689655172,0.0275862068965517,0.0,0.0,4
2016-03-31,Sylhet,29.1935483870968,44.7096774193548,0.387096774193548,0.0,0.0,4
2016-04-30,Sylhet,29.2,70.0666666666667,3.06666666666667,0.0,0.0,4
2016-05-31,Sylhet,30.3548387096774,69.3225806451613,5.17096774193548,0.0,0.0,4
2016-06-30,Sylhet,30.4333333333333,79.1333333333333,4.33666666666667,0.0,0.0,4
2016-07-31,Sylhet,29.3870967741935,84.0645161290323,6.87096774193548,0.0,0.0,4
2016-08-31,Sylhet,31.1290322580645,78.0645161290323,2.73870967741935,0.0,0.0,4
2016-09-30,Sylhet,30.5333333333333,76.8666666666667,2.22,0.0,0.0,4
2016-10-31,Sylhet,29.1612903225806,72.4516129032258,1.8258064516129,0.0,0.0,4
2016-11-30,Sylhet,24.5,72.5666666666667,1.00666666666667,0.0,0.0,4
2016-12-31,Sylhet,22.9354838709677,62.2903225806452,0.0064516129032258,0.0,0.0,4
2017-01-31,Sylhet,22.0645161290323,49.1935483870968,0.0,0.0,0.0,4
2017-02-28,Sylhet,24.0357142857143,50.0714285714286,0.139285714285714,0.0,0.0,4
2017-03-31,Sylhet,25.4516129032258,57.7741935483871,1.65806451612903,0.0,0.0,4
2017-04-30,Sylhet,27.8666666666667,72.9666666666667,5.16333333333333,0.0,0.0,4
2017-05-31,Sylhet,31.5483870967742,66.7096774193548,2.80967741935484,0.0,0.0,4
2017-06-30,Sylhet,29.9333333333333,81.8,7.97333333333333,0.0,0.0,4
2017-07-31,Sylhet,29.4516129032258,82.3225806451613,6.92903225806452,0.0,0.0,4
2017-08-31,Sylhet,29.8709677419355,78.9354838709677,6.66774193548387,0.0,0.0,4
2017-09-30,Sylhet,29.8666666666667,76.1333333333333,2.84333333333333,0.0,0.0,4
2017-10-31,Sylhet,27.9032258064516,74.0,3.71612903225806,0.0,0.0,4
2017-11-30,Sylhet,25.0333333333333,64.4,0.0533333333333333,0.0,0.0,4
2017-12-31,Sylhet,22.1290322580645,67.8064516129032,0.625806451612903,0.0,0.0,4
2018-01-31,Sylhet,19.5806451612903,59.0322580645161,0.0483870967741935,0.0,0.0,4
2018-02-28,Sylhet,23.2857142857143,52.4642857142857,0.0785714285714285,0.0,0.0,4
2018-03-31,Sylhet,27.3548387096774,46.8064516129032,0.274193548387097,0.0,0.0,4
2018-04-30,Sylhet,29.9333333333333,50.3666666666667,1.31666666666667,0.0,0.0,4
2018-05-31,Sylhet,29.741935483871,67.5483870967742,2.84516129032258,0.0,0.0,4
2018-06-30,Sylhet,30.8666666666667,73.5,5.12666666666667,0.0,0.0,4
2018-07-31,Sylhet,30.4838709677419,76.8709677419355,3.68387096774193,0.0,0.0,4
2018-08-31,Sylhet,30.9354838709677,73.7096774193548,2.03548387096774,0.0,0.0,4
2018-09-30,Sylhet,30.1666666666667,73.3,1.57333333333333,0.0,0.0,4
2018-10-31,Sylhet,27.0,66.9677419354839,0.774193548387097,0.0,0.0,4
2018-11-30,Sylhet,23.5666666666667,64.9333333333333,0.163333333333333,0.0,0.0,4
2018-12-31,Sylhet,21.0645161290323,59.5161290322581,0.551612903225806,0.0,0.0,4
2019-01-31,Sylhet,24.3225806451613,49.6129032258065,0.0225806451612903,0.0,0.0,4
2019-02-28,Sylhet,24.0714285714286,52.7857142857143,4.03571428571429,0.0,0.0,4
2019-03-31,Sylhet,27.3225806451613,51.8064516129032,3.01612903225806,0.0,0.0,4
2019-04-30,Sylhet,31.2,56.6666666666667,11.5433333333333,0.0,0.0,4
2019-05-31,Sylhet,30.7096774193548,75.0,24.2870967741935,0.0,0.0,4
2019-06-30,Sylhet,30.9,78.0,32.6933333333333,0.0,0.0,4
2019-07-31,Sylhet,28.9354838709677,85.7741935483871,43.7483870967742,135.0,0.0,4
2019-08-31,Sylhet,30.3870967741935,81.3548387096774,20.9645161290323,626.0,0.0,4
2019-09-30,Sylhet,28.9666666666667,83.3,20.32,174.0,0.0,4
2019-10-31,Sylhet,27.7096774193548,81.258064516129,8.69677419354839,52.0,1.0,4
2019-11-30,Sylhet,26.8666666666667,74.7,0.936666666666667,23.0,0.0,4
2019-12-31,Sylhet,23.0,62.5483870967742,0.0193548387096774,1.0,0.0,4
2020-01-31,Sylhet,21.6451612903226,58.741935483871,0.109677419354839,0.0,0.0,4
2020-02-29,Sylhet,23.448275862069,49.4827586206897,0.613793103448276,0.0,0.0,4
2020-03-31,Sylhet,28.8709677419355,41.4838709677419,0.558064516129032,0.0,0.0,4
2020-04-30,Sylhet,31.0666666666667,52.8,10.4933333333333,1.0,0.0,4
2020-05-31,Sylhet,30.0645161290323,68.8064516129032,27.0096774193548,0.0,0.0,4
2020-06-30,Sylhet,29.2666666666667,84.4,46.6033333333333,0.0,0.0,4
2020-07-31,Sylhet,28.0645161290323,88.5806451612903,49.758064516129,0.0,0.0,4
2020-08-31,Sylhet,29.6774193548387,83.741935483871,24.4806451612903,0.0,0.0,4
2020-09-30,Sylhet,28.4666666666667,86.3,34.4233333333333,0.0,0.0,4
2020-10-31,Sylhet,28.9677419354839,82.6774193548387,25.6870967741935,0.0,0.0,4
2020-11-30,Sylhet,26.6333333333333,69.7666666666667,0.65,0.0,0.0,4
2020-12-31,Sylhet,23.5806451612903,64.0,0.0,0.0,0.0,4
2021-01-31,Sylhet,19.6,72.4,0.0,0.0,0.0,4
2021-02-28,Sylhet,24.5,71.0,0.7381,0.0,0.0,4
2021-03-31,Sylhet,26.2,69.0,0.906,0.0,0.0,4
2021-04-30,Sylhet,29.9571,58.3667,5.1824,0.0,0.0,4
2021-05-31,Sylhet,30.8618,68.0553,9.7037,0.0,0.0,4
2021-06-30,Sylhet,30.4143,78.4762,15.8419,0.0,0.0,4
2021-07-31,Sylhet,29.3963,82.8571,17.6106,0.0,0.0,4
2021-08-31,Sylhet,29.3,72.0,10.3235,1.0,0.0,4
2021-09-30,Sylhet,29.4143,79.7095,10.5167,9.0,0.0,4
2021-10-31,Sylhet,26.5,82.4,14.0,57.0,0.0,4
2021-11-30,Sylhet,21.4,74.0,0.4856,52.0,0.0,4
2021-12-31,Sylhet,20.6,77.0,8.13,6.0,0.0,4
2022-01-31,Sylhet,19.7,71.0,0.0,0.0,0.0,4
2022-02-28,Sylhet,23.6311,50.4523,0.7381,0.0,0.0,4
2022-03-31,Sylhet,27.4977,47.0922,0.906,0.0,0.0,4
2022-04-30,Sylhet,29.9571,58.3667,5.1824,0.0,0.0,4
2022-05-31,Sylhet,30.8618,68.0553,9.7037,0.0,0.0,4
2022-06-30,Sylhet,30.4143,78.4762,15.8419,0.0,0.0,4
2022-07-31,Sylhet,29.3963,82.8571,17.6106,0.0,0.0,4
2022-08-31,Sylhet,29.9263,80.7604,10.3235,8.0,0.0,4
2022-09-30,Sylhet,29.4143,79.7095,10.5167,16.0,0.0,4
2022-10-31,Sylhet,26.5,82.4,14.0,12.0,0.0,4
2022-11-30,Sylhet,24.4,72.4,0.4856,8.0,0.0,4
2022-12-31,Sylhet,20.6,77.0,8.13,3.0,0.0,4
